{"cameraMode":{"drawMode":0,"name":"Shaded","section":"Shading Mode"},"sceneLighting":true,"audioPlay":false,"sceneViewState":{"showFog":true,"showMaterialUpdate":false,"showSkybox":true,"showFlares":true,"showImageEffects":true,"showParticleSystems":true},"in2DMode":false,"pivot":{"x":0.16207265853881837,"y":-10.726529121398926,"z":-55.48342514038086},"rotation":{"x":0.015905922278761865,"y":-0.9731442928314209,"z":0.21844229102134705,"w":0.07085330784320831},"size":3.777022361755371,"orthographic":false}