{"cameraMode":{"drawMode":0,"name":"Shaded","section":"Shading Mode"},"sceneLighting":false,"audioPlay":false,"sceneViewState":{"showFog":true,"showMaterialUpdate":false,"showSkybox":false,"showFlares":true,"showImageEffects":true,"showParticleSystems":true},"in2DMode":false,"pivot":{"x":489.0,"y":4.749999523162842,"z":187.85000610351563},"rotation":{"x":-0.11815620213747025,"y":0.15955160558223725,"z":-0.01923871971666813,"w":-0.9799042344093323},"size":65.72510528564453,"orthographic":false}