{"cameraMode":{"drawMode":0,"name":"Shaded","section":"Shading Mode"},"sceneLighting":false,"audioPlay":false,"sceneViewState":{"showFog":false,"showMaterialUpdate":false,"showSkybox":false,"showFlares":false,"showImageEffects":false,"showParticleSystems":false},"in2DMode":false,"pivot":{"x":462.87432861328127,"y":75.5447998046875,"z":329.6199951171875},"rotation":{"x":0.1777258813381195,"y":0.03923070803284645,"z":-0.007102371659129858,"w":0.9833256006240845},"size":976.6557006835938,"orthographic":false}