{"cameraMode":{"drawMode":0,"name":"Shaded","section":"Shading Mode"},"sceneLighting":false,"audioPlay":false,"sceneViewState":{"showFog":true,"showMaterialUpdate":false,"showSkybox":false,"showFlares":true,"showImageEffects":true,"showParticleSystems":true},"in2DMode":false,"pivot":{"x":419.0635986328125,"y":6.145483493804932,"z":202.25192260742188},"rotation":{"x":-0.11815620213747025,"y":0.15955160558223725,"z":-0.01923871971666813,"w":-0.9799042344093323},"size":53.63567352294922,"orthographic":false}